eyeHandDiff,eyes,afterEffect,subjectN,groups
10.0822970580843,-31.5465204791804,-8.87564391712177,1,1
-10.0121222695842,-27.2710974243564,-3.62598955522086,1,1
-33.4413008779057,14.6076806695156,-15.0028600682527,1,1
-95.2413743065429,57.0844393963929,-11.1440057321909,1,1
-121.630473634366,99.8863122646942,-17.7266719083176,1,1
-172.755402628274,134.703183714496,1.31977640512502,1,1
-148.603229325023,107.00907013274,-19.3356683184397,1,1
-49.4758324713112,33.2751722080127,-0.290086046944329,1,1
35.7537079282538,-52.3665058771498,-22.6862901631632,1,1
95.105598057218,-128.663949764539,0.927158605144702,1,1
116.508050154624,-135.100158339407,-2.91694070706348,1,1
47.4629472399688,-82.0767121753589,-20.0333607593435,1,1
9.32006900945801,-41.2092429438857,-24.2774085167135,1,1
-8.34528528325409,-9.59113176788885,-3.16414984118553,1,1
-44.6099203147318,17.4044121265188,-25.0871444964644,1,1
-59.0821349767578,18.4323482231082,-0.66045755973443,1,1
-69.712354310912,26.4837344218599,-20.7843926455544,1,1
-47.2168526913794,22.6759613068469,0.191507625810588,1,1
-9.16926107113727,-34.3828336464022,-2.71193483370794,1,1
68.3909565957098,-85.6810392667499,-20.6635236014178,1,1
-31.1251941884443,4.60407033491768,14.5762915605868,2,1
-38.6824405401439,6.16843205245851,3.55038077512283,2,1
-38.9905865799177,5.28390968733662,7.52512298657465,2,1
-39.4844679779217,6.25214608047524,15.6204910322613,2,1
-34.2845581687484,9.90111104700182,7.16180320391684,2,1
-41.195093052091,9.68007899440113,7.27093881186504,2,1
-27.4670513694307,4.30649665384058,2.96412605722614,2,1
-31.1600115516121,0.427173418491791,5.3341707618548,2,1
-24.6898211878774,4.94720417776643,10.7014879442949,2,1
-49.2491872314209,12.4818696401445,1.59192129362111,2,1
-34.8140687806739,15.6093760750872,8.54289496135168,2,1
-55.8603346201294,12.5442677182878,5.90187808134401,2,1
-43.631436792387,4.91617978641319,5.08632071383194,2,1
-26.8865816761758,0.358226551554531,6.92038617331894,2,1
-34.4343753264634,4.33486086390884,7.85710322038015,2,1
-31.2120507399965,9.3092372995566,12.9125557626692,2,1
-46.9444203202952,9.25666774762373,10.1880543861824,2,1
-37.3636424627396,7.57984692531061,16.8931901749882,2,1
-34.6509776218683,4.93538031929293,9.96755478259026,2,1
-59.0998665772324,3.80678099020243,13.0805041580227,2,1
30.4794997613993,-66.632949921148,10.4368025617829,3,1
39.7733361398905,-63.2731666581572,-3.76604758514399,3,1
5.31769681400694,-33.9531765776084,-3.19849953993684,3,1
-28.6067104875339,-1.26219502295851,-6.66035785208348,3,1
-38.9980108331296,12.766798354526,2.40588203049175,3,1
-36.3088664294382,9.3545070753804,-4.43586030086833,3,1
-24.0102936886328,-10.1590933188795,-5.15273944812299,3,1
-17.5766493249948,-26.2468305880363,-1.94553892902656,3,1
-6.83748946619622,-26.4495549418969,1.1932019108327,3,1
6.28224001578584,-34.2065178138306,0.812565089591967,3,1
23.3314888299366,-46.5248647244073,2.71409989378018,3,1
23.4603022723651,-52.749441080264,-3.12778336217564,3,1
21.7301986119952,-50.9294941186576,-1.3941644595666,3,1
9.87295124204601,-35.559043252031,-0.262369691598749,3,1
-28.7176998363081,2.97858078780217,-4.7913266510358,3,1
-57.591244681491,40.3338701406067,5.76789597231963,3,1
-79.1392905241736,44.9534525589287,5.65636552093679,3,1
-58.6902376181487,28.8428409873027,2.11536358737259,3,1
-37.3062387811849,5.82627528716144,-6.20000651223392,3,1
-21.3528574453265,-11.409947754943,9.53574442777687,3,1
6.52625434766066,-16.0353549550768,7.31301664096139,4,1
-6.5831953637424,-15.0155076252935,-1.15116702440381,4,1
-37.397496138426,-11.3368200120195,-2.61070218737794,4,1
-19.2955241062818,-11.0317657097924,5.32979990089777,4,1
-20.9895055893897,-12.6032588770521,3.19802357215634,4,1
15.95412484125,-16.4654081383116,-2.45067460192252,4,1
-13.8416981057343,-23.9076449877424,1.19925527583627,4,1
-5.50409971099274,-30.8686677807092,-7.10125122839984,4,1
-1.88489808767173,-32.9863889925647,5.71681438273011,4,1
-5.96127285869046,-30.5792132602867,6.90521855718492,4,1
-12.891405458702,-29.8393829355142,7.03342895703128,4,1
-8.61541686563336,-31.7431648850209,3.48114583090722,4,1
-3.24175182447679,-32.0934166620924,7.03522496913601,4,1
-4.38111474586574,-29.5397279804856,5.83179936706072,4,1
0.0815777981990209,-28.0907420772025,5.72145099490687,4,1
-9.2871453509831,-24.7506422195421,4.12154965191067,4,1
-15.3411506984359,-25.6441478989156,7.84384215090886,4,1
-10.9760394625519,-34.6582655786797,9.64959638974659,4,1
6.18113891349368,-39.6997967043282,9.00223555985132,4,1
-4.82917390875949,-36.4374796400772,-5.75007852468504,4,1
-17.3742094015052,-11.5283152678432,4.65909391865459,5,1
-29.3931236256255,-13.0432756341057,-10.0853361677567,5,1
-13.9415632649955,-15.2630901538485,2.47681874214248,5,1
-20.4751945710256,-17.21289553146,-9.33728414872082,5,1
-9.55430642236502,-17.7504975199553,0.390322277788794,5,1
-14.9845842802676,-17.7725281957464,-12.0163214078816,5,1
-18.6503029955701,-17.1044196747516,-8.84691178467732,5,1
-10.5100466895942,-15.6458284568422,-1.53518007259633,5,1
-19.3325178084542,-14.3252993640656,-7.28946308180472,5,1
-15.009399069284,-13.5596684540392,3.73208995338261,5,1
-16.6689806515319,-13.4688391430263,-1.68929224567429,5,1
-10.2296152082534,-14.0439492818106,-8.60960380750378,5,1
-21.9076914499554,-12.304755841503,2.36426511462904,5,1
-20.3889110486478,-10.0522759595355,-3.82815297692993,5,1
-25.835714881105,-11.1489313385668,-3.62915915403864,5,1
-15.9269552027496,-9.23773391586121,-56.0201689906197,5,1
-25.8167344912666,-7.43972344780563,1.94326831478549,5,1
-24.5666759395499,-9.87709119083015,-13.1374733946213,5,1
-22.4779921615286,-8.66168849308794,-4.08204705841205,5,1
-28.9785262641049,-3.00708095496023,-9.65660915866097,5,1
-49.9191311014844,10.2205255803273,3.63979675043922,6,1
-30.719388325356,3.4144596348718,-20.6968486674696,6,1
-13.0639564988839,-0.595575458457888,-41.9010969608797,6,1
-34.0286652377708,-1.8692026871717,-8.37723977929672,6,1
-38.6007437171474,1.59174390514175,-3.32074425677057,6,1
-36.1746088796659,7.58419649528177,-13.8150438422073,6,1
-44.1524499564337,8.96788017314027,-21.0918404026911,6,1
-34.156375693793,20.2594413187051,-6.4729438645996,6,1
-90.2050665685197,44.3246696684876,-15.4502308799274,6,1
-117.215359973867,58.8563184249379,-16.0966768228414,6,1
-92.6709235536189,56.2781626307494,-12.9395476518198,6,1
-96.0663955173569,34.8688020627182,-51.1459528642111,6,1
-40.8584454694166,-3.36915296323686,-31.6353765015398,6,1
-30.6613154068097,-19.5231829138953,0.609823630386784,6,1
-50.4053765223538,8.01078452297005,-2.81382216162252,6,1
-103.992937393207,47.1814829495394,-30.1073546298731,6,1
-94.8312925988738,81.1483485792101,-24.3927038161316,6,1
-146.055208906148,97.9632060425295,-15.9608212251236,6,1
-106.076418972002,79.6280942021453,-30.9929552636873,6,1
-48.4538507777277,34.5479170927155,-25.1761024252027,6,1
29.8090125011903,-58.4376526697278,-4.08495875738279,7,1
39.0808026422042,-64.489269359415,-5.657271391995,7,1
24.2741090572955,-54.3653193475834,-6.91663291561542,7,1
2.7773898114144,-31.8387408396942,-5.7371226676704,7,1
-11.0466237795942,-13.5874880777143,-7.04049258480523,7,1
-20.6824847184342,-10.6768294636472,-3.89757394207214,7,1
-12.5180592296564,-15.9254855701449,-5.73897505487427,7,1
-8.77836529068696,-19.703068206408,-9.83592954787724,7,1
-17.1278112134723,-11.794202896332,-7.77653588393183,7,1
-31.851450710618,-1.54805495596083,-9.4429067234399,7,1
-30.5007154211452,-4.71052000823466,-3.46342850802426,7,1
-22.849358457478,-9.6037556824212,-5.85767161945014,7,1
-19.2680328461316,-8.0558084616216,-14.3108892421977,7,1
-25.3257066737337,-5.5206905662531,-3.43755181010034,7,1
-35.3686141602555,2.77222120906984,-2.03950024167687,7,1
-41.5110475023213,12.1015214420619,-0.802997984478784,7,1
-42.7635107797773,10.3407759938933,-4.29074507231131,7,1
-33.8481971142404,5.83764989516269,0.425277093533624,7,1
-43.2830974808531,6.90155594689121,2.38716893531468,7,1
-34.4498872676174,5.62243759622011,-5.03725030249528,7,1
-7.95414054486876,-27.4992326175965,1.24372380889528,8,1
-18.4828286075805,-13.8214849159629,9.69466530478989,8,1
-43.2948083282545,-2.85377344716145,1.97161191758698,8,1
-28.8279543783528,-2.76722113192464,-0.228158972775661,8,1
-18.8903381842422,-10.0571104297486,8.83756193713026,8,1
-10.0143713454015,-26.5359774907059,-0.852739966513348,8,1
8.64279266737847,-42.2663698148839,8.28359801136829,8,1
14.3725652094047,-49.6571408748179,-6.6091533515592,8,1
31.2554755315284,-62.0755238653784,3.01306939453035,8,1
42.1880242775715,-77.4684426966295,5.04241685831152,8,1
40.7982850180877,-80.352528089538,-4.02519323262976,8,1
31.8456771285998,-74.2547301525021,7.44154971435671,8,1
36.167684634786,-62.1266655517957,-3.87998810057595,8,1
11.6618572923132,-45.6671446728804,3.13920322668035,8,1
19.6461602994859,-44.7543767207015,8.5194348207936,8,1
6.46921537765868,-51.4054397902837,-5.07431882663866,8,1
17.152813993472,-49.6114534379745,6.30012090983671,8,1
-2.95703385256709,-43.7710851492482,3.08134344079563,8,1
8.1145229300071,-35.9644082639363,-2.14890567218291,8,1
-4.97635971631382,-25.6220022948145,1.04651161524716,8,1
22.893639125722,-39.8469988412248,-0.842672363690559,9,1
-12.4814285015761,-13.4601909532749,-10.9701917911794,9,1
-15.334593997536,-11.8811087878031,-4.69465404334005,9,1
17.2223441076404,-43.2700339988835,0.0163251346821767,9,1
131.911370841314,-74.0478449394856,-1.31138123851686,9,1
66.7112709299954,-99.4243952126104,-6.88184444037894,9,1
62.2011345942744,-91.5549891414216,-4.74676287675283,9,1
3.98940206879303,-31.5006548927597,14.8644550639121,9,1
-51.1369367884377,45.7750174641752,-13.5742322229163,9,1
-87.7538726827843,85.8696523067612,-2.02282076765922,9,1
-78.6881712762418,55.8584474486936,-16.5738350666603,9,1
-43.8094270024053,-22.58717570504,-2.31611518407309,9,1
97.6996619428396,-97.4621124141102,-19.0913229818984,9,1
102.526988472311,-119.328251441281,-11.7743498070277,9,1
75.6459887558129,-89.8665235509254,-9.13873896624763,9,1
28.4443285074699,-42.5515534626253,-4.99909625032884,9,1
-13.8550155240272,-10.9204686536746,-56.0115229590729,9,1
-2.52508465912477,-7.44891222003862,-0.670320496850948,9,1
5.09839336012521,-28.0984437763122,9.77481750745167,9,1
70.6665716503664,-94.7403671635852,-8.46115608906455,9,1
-36.331791897636,10.6735036886157,-24.1443327878671,11,1
54.4596458701184,5.60570170387464,-9.87528150761901,11,1
-18.6324696085924,-14.7468604562044,-8.20796392194171,11,1
-2.0981149693075,-37.569266030313,-6.07990832682617,11,1
18.1558593619859,-55.3647815268403,-6.37822536702223,11,1
16.6664269951849,-52.0773204430097,-15.4248092499296,11,1
2.05085933330687,-38.6638645595332,-4.95161314544343,11,1
-0.836994602480488,-38.4410872037403,-2.66843561980272,11,1
14.9971914726782,-44.5432344317081,-11.2238607731289,11,1
14.7510197247436,-45.6658202959742,-6.75977117724286,11,1
10.1122256796006,-43.879236080468,-7.01832708503897,11,1
-0.909066793994278,-35.8124523698269,-0.959725432301073,11,1
-8.8093635033164,-25.3706115507926,-5.15015185818219,11,1
-8.82581285387514,-24.2932090910503,-10.0402783530238,11,1
-4.69401743093526,-31.2491934524707,2.56342467464418,11,1
5.42326803587115,-38.2731077303475,-3.8034257726717,11,1
4.58216861020359,-41.9945832694447,0.786128363250912,11,1
8.74111103019789,-45.9921201429206,-8.84824578220764,11,1
13.0037771109378,-46.6689740301312,-2.90350556841833,11,1
2.49148983975265,-39.4097882422552,-6.62561038629485,11,1
-31.0534396503757,10.1632020894657,-2.33226347692605,12,1
-32.599070308416,8.64940945532214,-8.36724946249635,12,1
-47.6081476762719,7.61879814795705,-5.5851611024642,12,1
-34.5848627878395,8.574657217759,0.315115710916638,12,1
-44.4824388566018,9.03515633850932,-2.87290165306239,12,1
-27.9865597929651,5.92154045192214,3.7476557134282,12,1
-25.3152349514717,0.744744280973757,-2.05007520383326,12,1
-31.8412576370458,-3.2641551509768,-1.87550146971035,12,1
-11.0555803120083,-7.81938189501466,-5.75992372038638,12,1
-13.8587647118288,-10.4004219818128,1.40270239278838,12,1
-26.5010196456226,-9.70328516558318,-8.03073192092332,12,1
-12.5652333598157,-10.1092925579024,3.93418835087238,12,1
-23.6029139511832,-7.40915877595527,-6.05123767222897,12,1
-35.2148218853323,0.602817118149868,-12.7203474389433,12,1
-41.3814103048523,6.18585356349674,3.72847708214926,12,1
-33.6897844859605,7.52525174151563,-8.80021640992755,12,1
-36.1368223602911,8.38381176598563,-6.60380160060103,12,1
-45.1840090374827,4.44211080573725,6.89486019439505,12,1
-42.373828551837,8.09291291815086,4.60118170541623,12,1
-60.7352835435942,29.0733397844045,-6.36475814992359,12,1
-28.5283574638519,10.0751346642576,-7.41376376671414,13,1
-22.9702962289965,11.0250408280829,-12.2372864285009,13,1
-32.1433856344256,12.5173592550472,-21.3453107657751,13,1
-52.8137012353224,9.10787492926822,-1.95675986163354,13,1
-38.0745786451917,3.68938585548647,-2.49172193351417,13,1
-35.2123017157346,0.484559599748902,-10.2082689259795,13,1
-37.7383674874425,-0.44477459449477,-9.85003295613417,13,1
-33.4303124583436,-3.64889086790869,-9.39840214243524,13,1
-37.4222083343334,0.15063988923115,-15.7228059077966,13,1
-54.8031476101168,16.9240914435449,-14.9797777636682,13,1
-75.4866283411688,31.8201969865226,1.76430309772263,13,1
-75.210238987492,36.8094883424329,-7.86523831399146,13,1
-65.1834468608686,29.9891570811549,3.80424867366963,13,1
-47.3720920205445,14.8732893544234,-8.03771211257693,13,1
-42.8921411870136,1.28135350986941,1.60322384666557,13,1
-40.7188916271984,0.745122599769281,-18.9587188665412,13,1
-24.2901831178873,6.29994099827986,-7.84512313343073,13,1
-48.8752995546864,7.53918864351578,6.63443821276745,13,1
-48.6171060073289,3.93070922803273,-5.63677964554635,13,1
-29.4867870653695,4.40116494688861,1.0876291805186,13,1
6.10185167189549,-27.3277169922628,1.33908575493372,14,1
-8.61821785638845,-24.0427921870639,7.96673351449568,14,1
-2.08135786080334,-24.6776103035332,2.55562675887295,14,1
-10.9355667860223,-27.9667952137645,2.69292149927833,14,1
7.01073933150152,-31.2915633029258,6.85671762965798,14,1
-0.330989592720865,-31.8572457866116,-3.07844719006215,14,1
11.0144955010958,-30.8511491632666,-5.00493580172343,14,1
1.8347498534525,-31.4841463827122,-7.29323142176696,14,1
-1.10916118758812,-32.6060810875142,-2.2522094725565,14,1
11.4042003988245,-33.2201879935023,0.953083999079743,14,1
10.4645662241963,-35.5215101236538,-7.19741406302842,14,1
-0.394856550771642,-34.6967386559447,7.53345061082486,14,1
-15.213950191095,-28.6735560847282,-7.68738489621717,14,1
-3.06792061900396,-23.9588228458732,3.77554650056616,14,1
-7.69640451938583,-22.0250344818342,-13.369017575867,14,1
-10.9655989950425,-21.7314792715263,-5.11908709411275,14,1
5.04518106116193,-26.3319193014603,3.66649044586866,14,1
-6.26417112238979,-30.8133543088979,4.46237985309973,14,1
14.9477072746633,-25.8632511123709,0.797927779210002,14,1
-20.349496499918,-15.7071321077402,-6.21401499018618,14,1
-61.5926116636092,46.1368585463687,-4.67884628357005,15,1
-113.764061232864,81.264560595308,-4.37583731082047,15,1
-106.101183829811,90.7593683356148,-2.37637933800389,15,1
-30.2784263435809,18.3600706131126,-4.5839532699769,15,1
7.89150976633698,-60.0616443277836,1.20018920759929,15,1
73.587716392692,-69.005665528944,-25.5290260978356,15,1
6.51875379106017,-43.1181717022434,-5.20122776079602,15,1
-42.5828729340885,-8.23004062496993,-15.2248038405348,15,1
-16.3181654690475,23.1037903514408,-13.2223918040821,15,1
-25.4626655479381,14.63866979398,-30.9018063544491,15,1
-16.1383706429675,4.45995989634957,-7.85326136943655,15,1
-35.8658990339654,3.86832935470306,-27.9523845461742,15,1
-37.6584435486097,8.01779034042098,-15.5706382289797,15,1
-19.9750637979812,14.5413669249009,-15.1843767557225,15,1
-30.6754066823358,18.9529021583416,-35.6079528712527,15,1
-47.5835999187596,14.6743664857331,-10.454365923693,15,1
-34.0009252662123,8.29572601961339,-10.3351191080344,15,1
-32.8645046348579,11.8545550443427,13.8460256151073,15,1
-32.114639355555,29.4585716154587,-19.0774476585935,15,1
-89.344416816149,63.7206954732402,-22.3798430564115,15,1
-6.14521061838044,0.997349049658446,0.0126064756150877,16,1
-43.7904075802193,42.4036888448915,-10.3112621306486,16,1
-82.7343587227218,57.1849037484796,-6.61504324041744,16,1
-77.4303162216025,36.1980779993485,-10.7109026767657,16,1
-20.0437221839784,-11.4775051935116,-7.63393822622522,16,1
7.75806672734051,-49.0909689531082,-10.1177825914438,16,1
3.64053228244643,-38.5062629346153,-3.58745187678591,16,1
-39.9968709236867,-7.5266946783666,-5.23868383543521,16,1
-73.0475453858522,24.9800306684961,-6.90159016281321,16,1
-60.336997185636,55.007373091087,-6.06136578721337,16,1
-82.9544010473921,51.2220363317018,2.68123828677758,16,1
-37.4504991912887,10.8142617226677,-1.6485368545475,16,1
-9.77165913454287,-22.5457720691769,-6.56648680142468,16,1
-23.7820108230088,-22.4349077683397,-6.43002426351268,16,1
9.75944920926835,-21.4362251783996,-6.59707150932186,16,1
-16.3726160032479,-13.3833085178342,4.54754691611301,16,1
-28.2779480764725,-7.34830135282725,-3.68530750591888,16,1
4.63045743405865,-18.191649960795,-4.82786687258018,16,1
-19.0250210572319,-19.2699372291818,-6.06136578721337,16,1
-34.4283210240079,-9.0830884988892,-3.3348767591178,16,1
-24.2649546255017,-2.52079749535067,-6.09210146686619,17,1
-7.10077634519452,-6.2199560330618,-3.91178504457024,17,1
-51.5136557930587,-0.542709814924724,-2.7503147563771,17,1
-41.9334449817805,2.03372707706342,-5.26444670826338,17,1
15.9197122155154,-17.2354484635904,-18.5139620513026,17,1
32.476861321317,-40.9991933311054,-6.79233162672436,17,1
-31.1605495918416,-50.1870010286137,-12.4463819635448,17,1
140.608584195709,-43.724870121273,-3.23010184260046,17,1
20.7329492714153,-22.7115273834672,-13.5895857236858,17,1
-16.4190089117035,3.4418243372539,-3.5504358127257,17,1
-49.4338001059331,8.70090969840545,-4.96500560442253,17,1
-13.3192034179314,0.135711265092815,1.48522977607815,17,1
-13.1205336484855,1.1804407804899,-5.34143720605455,17,1
-32.2326035162751,3.70302593160213,1.25567643051182,17,1
-33.3374461926337,1.44602590545386,-9.59143701692535,17,1
-34.2748718354127,1.80856889285897,-0.0907613887877561,17,1
-20.1093877712746,1.98794195731524,-4.10379101703838,17,1
-31.6715157464516,-4.57722545326471,-3.79211059543037,17,1
0.734718014873233,-7.77290250229302,-1.81589405364702,17,1
-22.4412763715617,-0.925903992293327,-4.98289014756933,17,1
32.2839384598229,-53.4953895243139,20.2861382596919,18,1
54.8756003111473,-79.1240700341969,-2.03228179095068,18,1
58.1865692081951,-84.9938627850776,17.6380099580631,18,1
28.2676220872984,-63.3281933844545,-6.27117259417431,18,1
15.8323907085332,-39.2009732739269,-5.46773614032363,18,1
-7.60128202075083,-33.9934745974948,8.96107236361601,18,1
-0.755602659507225,-30.4214586125944,8.00022556624456,18,1
1.22951009422015,-28.1335139679928,-6.77735022252813,18,1
6.57113478696717,-28.8379757838278,2.34825421379571,18,1
-20.6608645402423,-6.70170957238018,-12.1325568460084,18,1
-67.1815061879912,32.9909266592284,11.0786223116017,18,1
-92.1117059493052,52.4047026681353,-15.5127489202261,18,1
-76.5564048095855,47.4315289245652,13.1353662305775,18,1
-63.5354645485861,33.0556200326221,-13.4544267983845,18,1
-29.1895291402327,3.22958896222973,13.261501427263,18,1
2.94608693205423,-25.7066205322426,-9.84520726884178,18,1
9.14299039238174,-27.9424045579178,-1.23092443550249,18,1
-15.1758226910005,-21.2169337274447,1.95117272298791,18,1
3.41797900426971,-32.4654090356911,-8.79950345020355,18,1
34.4682627769469,-67.2156210691372,1.4728379269416,18,1
8.99269218756956,-4.58970358171598,-5.91205083884917,19,1
-41.336838566728,-19.3783941359841,11.9074205806368,19,1
-50.682124192012,-25.7493406161194,-14.1888884959394,19,1
20.585812830391,-26.6922720030451,-4.49160890219038,19,1
-20.0919053849962,-21.0435619805324,-4.13467800671312,19,1
-5.29170643742986,-11.6354691023685,2.78302341958721,19,1
-16.9316684079567,-4.19890435920051,-10.8591887162694,19,1
-2.0992137405212,-0.193115500102536,-1.44326894018879,19,1
3.73567288729998,-1.79781916232257,4.13082818315211,19,1
-18.4992814953498,-6.21106429679029,-13.1595114981861,19,1
-12.6816940574559,-8.50961246198191,14.2033759156834,19,1
-4.99249714050016,-9.77223329290739,-3.74849218247615,19,1
-7.71614176219822,-7.00773384356794,-9.80634692978923,19,1
-16.4944777765867,1.971702263791,-121.890780256397,19,1
-39.1094056532025,8.88802455259742,-2.97885729078176,19,1
-30.196315376007,11.3120486220615,-4.07393702547132,19,1
-34.9279966665696,17.7427941473207,-19.6465977807433,19,1
-23.371601416693,14.736509404685,-15.2960143843567,19,1
2.98593049402605,-8.10926217967056,-1.19100201990622,19,1
11.8219615691618,-28.7017058664588,-8.01391323871109,19,1
-106.318853301632,64.595574912478,-22.1520379397578,20,1
-66.9012029996965,33.8194432607034,-1.86890331625472,20,1
-33.8374201557668,-0.139804068490566,-20.4596177635881,20,1
-17.4139409101057,-12.649958439954,-2.72175254016515,20,1
-37.2468713580905,-13.2629317000316,-17.6713137454101,20,1
-37.9624012396149,5.96566958966031,-1.31961846079328,20,1
-75.1166014483788,38.7240258815869,2.99632755201898,20,1
-116.707655525967,56.7467206367108,-17.1973469978738,20,1
-98.0874731679154,56.9704877615017,1.95668169772599,20,1
-97.7483251025062,52.6206176208305,-15.6030306242087,20,1
-84.4780357426637,43.8365257973793,-14.1607640646522,20,1
-85.7954857504932,33.6307359189568,-0.759329405203221,20,1
-59.3401172126856,25.6731547891617,-14.2847621789482,20,1
-54.4722073186573,7.28702180839264,16.4531689451918,20,1
-14.9719946950788,-16.6886000788664,7.78954735685961,20,1
-15.5665009374451,-28.92688501695,-15.4014625150252,20,1
-11.4551525068883,-25.4135492019211,-9.1941313906547,20,1
-34.8174167705188,-16.1948918169629,1.27688141957658,20,1
-42.128503527669,-0.0667281386306939,-1.13435865287193,20,1
-72.2562705523182,24.3198584466157,-8.10051448979347,20,1
22.1934733658708,-57.2415249298287,-31.8047332985677,1,2
42.9049309125904,-63.17912325164,-20.2996056379491,1,2
23.5598721970034,-62.2389252696001,-6.79280069918622,1,2
56.9049437467943,-72.8830069331129,2.30677697207112,1,2
29.8748247069989,-78.1858825068777,-4.18673870800303,1,2
32.0775494464536,-77.657637508158,12.8599726764968,1,2
55.871303049192,-82.2757399448893,14.3270221086488,1,2
56.7513125508984,-86.4177427286043,0.149258445450711,1,2
52.390392170479,-86.1208799644479,11.9258662771623,1,2
41.216002200983,-82.7779614493442,-2.79577378208512,1,2
34.573248883285,-75.436949685578,-2.06207241260622,1,2
60.2833370052582,-71.1175027195155,-2.64882275319506,1,2
31.962606482007,-74.4841096334316,7.73368233382305,1,2
42.9144786228389,-82.1709788863765,-3.8508889102719,1,2
46.9319334633815,-88.405213073186,10.9531385384119,1,2
64.0874252479969,-87.5258645986018,2.05485488401149,1,2
38.2868205637489,-80.57259104978,-4.86536942113134,1,2
52.6580083041565,-85.4927687542444,17.2549345188471,1,2
60.5345369386648,-86.3585106698913,-0.674568493416416,1,2
20.6823433232696,-55.938498500151,10.8472751791166,1,2
-59.2439777518024,38.0057366713314,-16.6054425523817,2,2
-26.3181276791165,13.584915897784,-1.84480077278315,2,2
-39.6454732150815,-0.251221537673903,-13.233632497543,2,2
-20.6168926995365,4.34706221486045,0.421190082946513,2,2
-47.9169839786526,9.29375643008774,-3.929015845177,2,2
-41.2705090854081,5.18430013745674,-6.90774433894284,2,2
-33.8551643652064,-5.39034792688695,-24.1826395021583,2,2
-4.29547814732923,-15.086809542747,-9.2949519211519,2,2
0.97123276389101,-19.830038034544,-9.73983632739814,2,2
2.63947849049316,-27.3258746937994,-10.1598143014193,2,2
10.8444812504659,-27.7858622415634,-22.7204299762347,2,2
-21.3221451470242,-17.7779395027005,-11.5863307966433,2,2
-1.78267845950891,-7.38575262392597,-16.702273853815,2,2
-23.2437856820032,-1.28453418574451,-7.00847950957669,2,2
-23.7836548241329,0.504155146384958,-4.74614810750181,2,2
-19.7266573849428,-2.1341765836076,2.19382953687812,2,2
-21.9568538640785,-8.07790804093749,-6.1335394523143,2,2
-6.93268884306734,-7.46815684428131,-0.644993940259762,2,2
-22.6908056724754,1.64720333556055,-8.52680731172462,2,2
-22.8042997084215,11.7543056247841,-10.0253896393917,2,2
-88.3337691647872,52.2736439918919,-26.7772920782598,3,2
-84.0933325591964,61.1673684377294,-44.7139100105242,3,2
-107.151501926056,70.6400904338173,-43.44923057344,3,2
-95.0774885935737,67.0317936718701,-31.9330006385001,3,2
-103.809671285231,62.155791838705,-45.9383575420315,3,2
-71.6126586945178,52.0319298575218,-39.3524906818217,3,2
-77.1253360250579,31.8130226076008,-1.38495006970413,3,2
-49.2693240634743,18.5134580234302,-33.2442587835936,3,2
-64.8813108148302,28.0697205321426,-51.1335454685501,3,2
-75.0286461382107,46.3155366424538,-36.8720933870434,3,2
-83.5479974392075,46.3647710523143,-30.0376865890716,3,2
-68.7978489211295,33.9265791782243,-36.4913481579231,3,2
-53.1928820996363,16.6859057039749,-50.1886890838816,3,2
-42.2327484682045,6.23490561861018,-31.0297312843409,3,2
-57.4151746222188,21.1980766607647,-46.6723886783298,3,2
-85.1597687729488,54.566683614783,-46.2592606065139,3,2
-97.3464716643834,68.0234811085163,-47.6755936996328,3,2
-86.8931416089355,50.0795487928532,-48.3738300139604,3,2
-79.7140800065918,32.0709605647431,-34.1248673698898,3,2
-67.9064353526532,39.3363776481555,-38.4361008882833,3,2
-3.45536425831244,-18.6750444893643,6.12981711739372,4,2
-5.29861178719472,-15.0111596762059,-3.76924145764095,4,2
-3.87827239930015,-11.0903872313871,0.51352499941548,4,2
-17.6107221631996,-5.91704477028584,-4.8589590846902,4,2
-18.5303680513532,-5.47049146076008,1.34339509976433,4,2
8.62815703826929,-13.3046461120476,-4.89699300150405,4,2
6.73342208907277,-23.0587253143823,-2.34479747040246,4,2
-41.5715569416947,-30.3224934967083,5.37760169533437,4,2
-14.9686262593063,-32.6847168196049,5.68000669616958,4,2
-9.99150954469976,-27.6281376678772,-5.58369132981007,4,2
-0.861266609150988,-19.1776648491514,-1.15777661766324,4,2
-44.6410067065204,-15.2092191404979,-6.25519619372624,4,2
-15.2411779666413,-14.36916000805,-4.18785675660936,4,2
-25.8246028628349,-12.3385143931199,3.92759054911564,4,2
-1.43457354845846,-9.71276516710333,-1.44215045342203,4,2
-13.1493499669562,-9.7971024236976,11.5060325796832,4,2
-14.6107833555659,-12.5841740889815,8.25608616123627,4,2
-27.3498826414012,-14.7451291281426,-0.0744908414436223,4,2
-15.3747681952149,-14.3356173109265,2.40042014317193,4,2
-10.4986155029901,-9.80500332577627,8.40153033537349,4,2
-18.9938407824166,2.96695279730645,7.02087163211674,5,2
-4.48281354795499,-2.78701393576832,-1.22156593242662,5,2
-46.2194100554452,-8.14011194921146,-3.47897719026125,5,2
-15.5077892060202,-8.80177159873126,1.60259102441628,5,2
-13.9719659999333,-7.91115456117071,-0.0958270802019352,5,2
-9.34064484666871,-7.49907189120748,-5.76718453013247,5,2
-12.8820260637671,-6.24368200024331,-14.8336181589428,5,2
-17.905723866237,-4.55422851213144,-3.37728471827901,5,2
-17.198432442623,-0.571389702989077,-8.85673751586208,5,2
-36.4490868584274,5.02988111960356,-8.32051347652467,5,2
-56.1735171181826,8.40595000838238,-0.864529617070047,5,2
-46.482404650381,6.50295324291525,-10.3932173417661,5,2
-30.3331218147351,3.92924393851058,-5.88587191022756,5,2
-23.4826733923292,-1.80536553327971,-5.44800663275732,5,2
-18.7009155931413,-15.6605699423291,-0.889080576612967,5,2
7.91363614543291,-26.9142266105332,1.31679424443265,5,2
-2.20168284625391,-28.1455486310845,-1.99258525890431,5,2
-5.80538372447082,-25.7383906513919,1.03526108723641,5,2
-0.46720372584949,-20.092646834703,-2.47000262719714,5,2
-26.0365585925999,-8.69987905616263,-1.00986768685368,5,2
7.30021451969552,-17.4818312045908,0.541342210985249,6,2
-19.4075364478893,-17.8315404397234,3.26793962906329,6,2
-24.9142175320377,-18.3421766029043,-5.93809572089618,6,2
0.727480137409785,-17.313203082793,-24.0322378389452,6,2
-16.3807914970863,-14.1551243795168,-16.2808021095173,6,2
6.31086923847989,-16.3844718964603,134.764779343653,6,2
-4.49027395281054,-23.4851144898118,-23.7137890560141,6,2
-6.44960532378571,-29.0354531063487,-22.320148574239,6,2
-2.8842377989259,-30.3724614194532,-32.7410799041642,6,2
19.412248206865,-25.8127451073656,-18.9754366420937,6,2
-6.92154096216058,-21.5319291092722,-34.1610800334168,6,2
-16.1275312669489,-20.696929397073,-26.7850622203567,6,2
-24.4923493188282,-19.6659036066279,-29.8293204870218,6,2
-17.9265604787572,-13.9861302425779,-19.3818811049102,6,2
-16.037691984049,-11.5230018648117,-33.7298361744537,6,2
-18.0689705439542,-15.3043323701341,-142.845044333369,6,2
-19.986697336797,-19.5148715541123,-24.4210050567923,6,2
-9.20773170366312,-19.8385746551616,-2.70351584739281,6,2
-19.1444786695106,-17.8955558056307,-38.382632229338,6,2
-21.3253818907045,-18.8775639514746,-13.8471412583488,6,2
5.73214449655023,-4.6072422231409,-11.0406606021269,7,2
-29.0244587047277,-3.77434701934163,1.9260500954898,7,2
-26.1459133000859,-0.874434018710325,5.38726866778056,7,2
-40.5638109496998,8.26910575663546,-8.74691940451734,7,2
-43.896911670157,9.3727214741846,6.05663769461141,7,2
-25.2366663639674,-1.99064532800432,-19.4032321387741,7,2
-10.7643388047559,-21.2837147036331,-0.755550706706292,7,2
6.05494046436096,-44.0377199295332,-13.785099405008,7,2
17.9975708606757,-56.9421117551515,-3.1286591344707,7,2
14.1848791934073,-48.2418950131957,-11.0077912561706,7,2
1.6605946791375,-32.2858274174966,-5.32022888290449,7,2
-13.5469567981461,-17.9341379429048,-8.54947924076751,7,2
-20.7726524111372,-4.48252273122388,6.94789882145412,7,2
-38.6633445693569,1.5552739808578,-1.19566761547556,7,2
-30.1748516338623,3.19070081185629,10.1430544194429,7,2
-35.9205270671581,6.29907614167625,-2.45250820210151,7,2
-46.0796938192448,5.90310204764481,-12.3873400143312,7,2
-39.3123519734859,0.872356239845915,-5.32752751706341,7,2
-26.2308442854292,-4.77373700808065,-7.28247020043814,7,2
-30.983191076488,-9.26916822998665,-3.99645656821456,7,2
-35.5616248230426,27.3828818940485,5.5164548633774,8,2
-9.41421770025289,2.28369969043671,-5.81251419371769,8,2
-6.87642053032479,-11.0063677560316,-14.0750583404969,8,2
-12.8885713500849,-10.8906617329477,-21.1175485960315,8,2
-24.344656375676,-7.67593495383262,-26.687303098527,8,2
-7.48499984982828,-6.16756048964239,-12.3380776170405,8,2
-13.991113334309,-7.92104662091527,-19.6636010833706,8,2
0.292463934078917,-9.73872139216615,-17.4652141180615,8,2
-15.2236759169675,-6.6411468947759,-13.2526918439794,8,2
-27.3990557609093,-1.25122180989748,-27.0099960022658,8,2
-31.7365243273399,3.19567221861184,-31.1964684882137,8,2
-18.8519230022462,6.54192334232728,-9.56585092431091,8,2
-14.5008395842521,5.79511804749145,-21.2240863649306,8,2
-25.0686623367902,-0.652839652187124,-15.2977685910689,8,2
-26.3033763999903,-3.85647985291314,-8.68666037524262,8,2
-20.3942546053588,-0.0213875163923499,-21.465680323727,8,2
-24.6621013032546,4.24811512611802,-27.6450850219868,8,2
-26.5950660846608,5.59998560903224,-8.75138033978258,8,2
-28.1590097549523,4.17167874535239,-19.5433283384667,8,2
-22.2198032758759,-0.773920695141237,-10.1232311305375,8,2
-18.7555219738859,-9.96612453028161,2.78375509124218,9,2
-10.7727896087176,-10.4272990777009,-7.60136017256383,9,2
-8.85294814619158,-13.323635806359,-91.1804240206387,9,2
-14.6313351522852,-16.9904236047267,-1.96489274832127,9,2
-15.8582989116816,-18.1589656621528,-0.110897523305607,9,2
-13.0077630922069,-21.4367644782293,-14.171630542794,9,2
0.316529039195959,-22.5447868911054,-1.56289105479649,9,2
-10.1832848445864,-16.0200065916864,-12.919132550232,9,2
-12.5311136743058,-10.8444804649817,0.647291058386842,9,2
-17.6289557568516,-8.89919809909639,-12.1398593631578,9,2
-18.1736191696129,-9.91825156763195,4.08242171363646,9,2
-4.87885363840237,-21.8226287669293,-9.80564941754158,9,2
5.28683600640987,-39.0988166323434,-9.03597794416688,9,2
19.8825626665855,-45.3668688898354,2.71802080212119,9,2
7.36563238196818,-45.6101967678609,-12.9572018614207,9,2
6.73988725477075,-47.8422906877454,2.03246600990964,9,2
21.8124240587231,-47.3271029000455,4.50567581738653,9,2
17.1778489182002,-46.0921460511346,-18.6528337991907,9,2
17.7826036925783,-42.8438552324314,-7.43673057944471,9,2
0.131357477268779,-30.3337677003056,-1.72874703325584,9,2
-2.20114472436511,-10.4594856741311,-1.01574376256102,10,2
-18.2877108779607,-10.8529220861199,2.35139064806861,10,2
3.64952346810311,-13.6611896431723,3.53727083583376,10,2
0.43366504883449,-10.6512939398218,0.19382257537108,10,2
-19.24624251101,0.33511954222423,-7.50442400949861,10,2
-38.1539521599639,9.21334728835355,5.55101630447381,10,2
-22.6777487251875,11.7228071245475,-11.5611236637154,10,2
-17.5227486380724,7.22896324636302,-6.83678165483509,10,2
-19.7313910895234,-3.4993084580618,-16.1384506753864,10,2
-3.69847578564073,-12.1352685532285,-4.01073688173604,10,2
-4.51541845625253,-12.0013120208888,2.05749818169779,10,2
-23.3290979355905,-10.1338340995506,-7.92914658580164,10,2
-5.15259420994017,-11.1067891172436,-11.4547816831816,10,2
-17.1410732140071,-12.1673764167371,-9.84795888968869,10,2
-2.56102254063266,-13.2687169883887,-3.19779267394187,10,2
-16.2427436429105,-13.9016807421941,-5.12424094727345,10,2
-10.582151610369,-13.6706613880916,-16.6350009573523,10,2
-15.9917576594364,-12.031004738386,-4.48408270112762,10,2
-12.6533235460158,-9.91786745099069,0.762607306514119,10,2
-11.9574090152993,-7.41830302589328,-4.97637146833343,10,2
-29.1796925326701,7.44357536767257,5.20646462058529,11,2
-43.6749101766949,8.08461040153044,-7.85478314930317,11,2
-25.2820383737794,5.78683534737729,-15.1464332914125,11,2
-31.714426383943,2.30132748441348,-14.4159919429403,11,2
-28.2502406317336,-1.53879679754799,-11.872054243057,11,2
-44.04040458049,-1.57302885111362,-6.17279111321098,11,2
-14.9475854196725,2.14089038745536,-15.8984766043664,11,2
-36.084681181298,5.66667343502668,-6.36307509673898,11,2
-25.7670442955235,7.24839137776353,-4.36375236335581,11,2
-40.2185426336521,3.82910780276761,-9.44587511459519,11,2
-21.2304183411157,-3.78397520341829,-9.3186006346925,11,2
-14.9306359656427,-8.78864443624952,-6.32248840565789,11,2
-19.4117976983323,-8.5450373971694,0.832943270309358,11,2
-13.7116381415771,-4.22536645747668,-8.10916045318936,11,2
-38.0865875081392,2.104832497296,0.638066499181273,11,2
-30.5174507155836,4.68888070551818,-8.39900257632407,11,2
-31.0944869323645,3.41088410026321,-2.227794595968,11,2
-24.382773962724,-0.368890356758849,-4.77759572586427,11,2
-23.5661851615013,-6.30227032725002,-1.81809927084581,11,2
-21.1675786150194,-9.46075179943854,-4.34262031173801,11,2
-7.98991430453682,-17.8513934193851,21.2613080322882,12,2
-28.7613985936329,-4.39501237587892,-3.2207316322961,12,2
-51.042466929623,19.3981444608046,-3.92258322264527,12,2
-67.033122746837,32.8183680984897,-103.188224859066,12,2
-80.1204904680862,48.2172530150111,-1.65953696858886,12,2
-66.0114970115468,39.449122844906,1.33955909489009,12,2
-38.0311787128478,5.8304268584364,-3.67984788227032,12,2
-46.5223951503948,11.8091631040702,-2.25709524012946,12,2
-74.4454838553078,46.9197619610633,-3.07970926522952,12,2
-82.0186407879976,50.006169945987,3.90170842460844,12,2
-88.3944156974969,51.5340780663753,-5.43145160856813,12,2
-90.0895307203871,55.9231562004198,7.90218021627236,12,2
-60.9802639280394,26.7468733812536,4.39412470422485,12,2
-28.0521101846624,-13.6515395485332,-7.49127211228242,12,2
15.6263855621331,-47.2707080309515,7.29992081992902,12,2
63.3840958341598,-89.8633216137504,-3.55465975979219,12,2
83.6591389944251,-121.049490067133,5.38607739499756,12,2
80.3425661371678,-107.658125487602,-1.64957510613197,12,2
31.7106283967116,-74.374979363554,-3.11029992614297,12,2
14.8007913894654,-44.1497690731897,9.02664207572919,12,2
-27.8519372026,-2.21164146795815,8.74247309052913,13,2
-27.7640966719347,0.860384115463267,-0.491658801829854,13,2
-39.6043634681495,4.49431958413389,-11.4361089330518,13,2
-10.9493841329186,7.54248384407033,-25.4689436497673,13,2
-27.4111889603865,7.96986346194744,-4.94273489712485,13,2
0.569495825430127,6.92512796682647,6.26772522076788,13,2
-19.5880946681332,3.67839648924313,-4.26815541103338,13,2
-36.477647027046,0.198642370596198,1.53803451719621,13,2
-19.5924134639732,-0.582165349557213,-7.79468264085051,13,2
-13.5668742904636,-2.73326942888284,0.291542812889028,13,2
-20.5794761218714,-4.96266484654762,-3.09270418210105,13,2
-21.2450745645478,-7.40211832658307,-21.2940679493257,13,2
-8.99627018288641,-16.1067118044209,-7.75716975032691,13,2
40.2287780359322,-30.8451908542612,10.5876053494193,13,2
11.7944431256844,-43.3777773466182,-8.57757831296979,13,2
11.0699116770024,-43.3693273484396,13.9095756133871,13,2
-7.12954303102083,-39.4927413845958,-5.88937603970955,13,2
8.24771271870087,-36.6962482832506,13.2423063102473,13,2
-9.67532839167709,-27.5758148523991,4.87705075518987,13,2
-19.5655459833827,-17.4953075853483,-3.72222982912231,13,2
-13.0961330215008,-31.8923771681215,-26.9690656160234,14,2
21.5786128888212,-30.4807712890881,-10.3499220787247,14,2
0.149850825120879,-28.772876498635,2.4553608723172,14,2
1.09112236849503,-28.9365062116487,-10.0008577274106,14,2
12.6715545154706,-34.1800077040353,-2.62022153196629,14,2
8.28568185799064,-36.0702995243829,-6.55819284900926,14,2
-5.17874622811593,-34.7313884018285,-8.89901839564416,14,2
12.6196552662824,-35.8011831736415,0.226918662657666,14,2
7.11316652260564,-35.5530498510328,-7.62839899335493,14,2
4.75478355126449,-32.7686126765157,1.0581466405423,14,2
-0.145150847331109,-30.387291556013,-9.12059637475284,14,2
-2.88622216655527,-27.4548699636874,-4.5942673113736,14,2
-7.61199383109066,-24.2918895127442,2.74813674737172,14,2
-14.0119793948287,-24.0593978630409,-4.43052418963852,14,2
-7.29398238122192,-25.5296971529517,-13.5133710607072,14,2
-3.05756875162895,-26.8914661919099,-0.370485236496299,14,2
-4.53685199088251,-28.1379381026746,-5.30930651884124,14,2
3.8359268557766,-29.162535655673,4.10216745243077,14,2
-1.41132662557751,-29.4239352895226,-10.5281170761692,14,2
1.05435917187282,-27.2630726807564,5.6486113968997,14,2
-2.49686167799279,-31.810670327768,1.51012133389985,15,2
-5.35553258248845,-28.3626375766291,1.27368419806569,15,2
-9.73496600914439,-22.3411848989876,8.16038455965423,15,2
-23.1541491342513,-17.284420034861,4.25441462714383,15,2
-18.4684292415718,-15.159770710465,-10.5646714559351,15,2
-16.0540537231672,-21.6162655098724,6.80030383262809,15,2
-6.82204820329262,-33.6834551451329,-0.749292861684999,15,2
10.3909438397724,-40.9705811694584,-1.856845815511,15,2
3.01751119315639,-41.0111796299647,1.84774949552086,15,2
5.1358528508005,-38.7694089721959,2.16181078986849,15,2
4.57671965934421,-37.4775953835062,2.21374542754163,15,2
-1.11963635050622,-36.3002580833643,1.61981679883034,15,2
-7.73668267291159,-33.9260897561805,1.64739964499436,15,2
2.4961866339375,-33.9414404937541,2.13228445813454,15,2
-3.1130398930316,-37.6044311534144,-0.00977175275116071,15,2
0.915430782247086,-42.7476531885564,-4.36326384420303,15,2
-1.29510189894783,-46.8205120209288,-2.33654849708826,15,2
-3.03358198050951,-42.5728119947917,-8.90194769744938,15,2
-24.7127909239477,-25.7143499877072,-6.9211585798009,15,2
-31.1255153034523,-5.22120553100712,-1.92144228763097,15,2
40.9285308992954,-49.1793493746616,-5.54726321794574,16,2
53.9668833478778,-66.4324968282381,-7.70491982548812,16,2
23.3103723057241,-74.4715608841469,-3.52919567295581,16,2
28.0079265906596,-65.2524096759222,-2.77678930232273,16,2
-7.4777421691766,-29.1234497715635,-7.65341964779033,16,2
-53.8397133802616,19.1258818003479,-6.05601109621573,16,2
-92.2289225169901,57.0094100899825,-7.80734112578735,16,2
-96.9513290783977,48.6307004370841,-6.92301437988231,16,2
-27.1612600584904,-13.0578440543627,-2.92292862585389,16,2
30.953608340246,-83.9718521016654,2.86659834252043,16,2
68.6913027979177,-99.4924643362744,-3.5481319982599,16,2
59.0099409397932,-95.387853553351,-5.17798114813855,16,2
52.9048970447807,-84.640990459634,-8.13170060225932,16,2
42.2665451452518,-79.9108195910748,-5.85936662294089,16,2
25.9736338218351,-54.8177517857322,-2.70157193579725,16,2
-9.70999106017447,-27.3717898403668,-2.01886126054174,16,2
-24.2949095741427,-19.5660059355204,-4.41917308501305,16,2
-9.20799180968886,-23.8453582200957,5.73975369912688,16,2
2.90124242834666,-34.1073825370145,-2.95725690346298,16,2
35.2911282001821,-64.4000629432068,-3.00765025845429,16,2
36.8686652358044,-70.4430176904654,-2.30112279228203,17,2
17.9240587542234,-63.045315449653,8.50751550248216,17,2
37.7312804707778,-66.2690499181492,5.73180374658924,17,2
36.9850992281114,-77.6838276605336,4.09072348815754,17,2
43.6180160755892,-79.7175909302051,5.00671398629099,17,2
34.3397738152931,-61.0256904259367,7.97065312896466,17,2
2.01097550493241,-45.5238534898728,8.30504338243487,17,2
18.8826868662687,-48.3448375565618,12.2074172338551,17,2
11.5219316900775,-47.2553893927903,6.5102007646116,17,2
-1.11121179327493,-31.4511854037101,6.94899074211286,17,2
-14.8738012399538,-14.6746553033257,8.10848504563397,17,2
-32.7408270226969,-3.27609391815624,4.06915803017969,17,2
-35.2402441123088,-0.301425165291928,7.18483168091461,17,2
-21.6683075880323,-10.2673041225781,10.027047140303,17,2
-10.420497409747,-20.1808479382342,5.75128285772254,17,2
-21.2443588222552,-11.773902369749,3.99941785328177,17,2
-37.0618549110917,7.98050146791471,4.00378353472662,17,2
-48.5127570881999,18.0770905167226,8.23357288161971,17,2
-61.5066071062517,16.848013243615,4.91323250676361,17,2
-37.8960537461311,18.1949530782271,3.4272737807935,17,2
42.9419831976279,-73.3665254087052,-0.159641542887341,18,2
46.8396222805224,-67.7541125343798,-13.6630823902958,18,2
31.3416076998711,-66.100001616117,-15.5845565597941,18,2
42.4065075662821,-72.4561906226892,-4.28265225884596,18,2
54.7779577664821,-83.0612853679446,0.283670520182094,18,2
51.1971676560025,-85.698609090219,-16.9524013280435,18,2
58.1412749811581,-82.4214584897757,-3.411275453313,18,2
51.8320340942601,-78.2027087271523,-18.0714027497317,18,2
52.9479515644293,-73.0170444097312,-9.99055804465009,18,2
21.0012517021738,-64.1470760106187,-12.1567289036014,18,2
25.2639463062131,-49.3569726441225,-15.760171199617,18,2
18.4513002837682,-41.1381162036293,1.54101655084101,18,2
14.92770112987,-37.4888797009619,-3.16032735519287,18,2
-10.1480402443663,-24.6307197232715,-18.2219528238944,18,2
-25.9836052646689,-6.87852213251963,-10.26385454515,18,2
-32.8993264060913,1.18656996148038,-10.6011797402312,18,2
-38.1095117816229,1.66278307969426,-16.4667868470008,18,2
-33.7479442525215,2.65677989601761,-2.92055584979902,18,2
-36.2039057146472,1.09723271157981,-10.1846481155727,18,2
-27.3257150564026,-2.7786539626664,-2.15224308835411,18,2
-31.743899560521,0.799185656725525,-5.5836064119022,1,3
-36.7802038722617,1.55748457632195,0.236869928789596,1,3
-26.4306880753503,2.53684491858279,1.09302087757798,1,3
-42.3675976152574,4.81453498437711,0.635606292390298,1,3
-37.8436677097271,6.45007801807658,2.94826133449366,1,3
-27.3917882563481,6.63092410766888,-12.9073674057931,1,3
-32.6567986140766,8.48193736689725,1.99798665328939,1,3
-43.7418351337583,8.97160982822166,-25.5018490599704,1,3
-35.1529702879042,7.0082648097966,-17.8006925753987,1,3
-38.9323530114559,7.98708058425263,3.35714466847068,1,3
-44.1003459077278,10.2808801192743,-19.7575497228021,1,3
-33.7264935299602,7.42855028322575,-1.09582059560434,1,3
-23.5918390034314,0.943257397390364,4.10283870546817,1,3
-25.1786498687473,-0.447274849395159,-13.8182812772157,1,3
-39.9759643402583,3.48546050120187,-14.0444263620133,1,3
-37.5295665794848,10.3715487737717,-3.47124894324454,1,3
-31.1101934653216,14.4186949443355,-16.2178877297761,1,3
-41.3765392095255,10.8036741724132,-0.737524967061693,1,3
-29.3949672233486,6.37630536839246,-14.9450541782801,1,3
-35.4296565170927,6.32754739658351,-1.2186005247789,1,3
-5.87441034059623,-21.7174232276085,-17.4559136744943,2,3
-54.2968190287044,14.8285085733433,-31.4367340480145,2,3
-57.049507003772,23.6630655787182,-32.2282947923903,2,3
-84.1113610778248,37.8252367659123,-27.781285998598,2,3
-70.5766240799972,43.604667894509,-26.4403660280328,2,3
-33.8540018144593,11.6556248718227,14.678487265537,2,3
-37.2947831938556,2.46992204560839,-2.08277082156078,2,3
-86.8175196959071,53.9493023247748,13.0265739720015,2,3
-123.368562783116,89.0352059867847,7.46575471629435,2,3
-100.13770534761,72.4229136511662,2.34360896924727,2,3
-50.2123037276412,20.9036902010801,1.72661714732659,2,3
5.297564099478,-38.0124744924961,10.6204136815397,2,3
-1.50839520598991,-33.1711515905032,5.49120210320303,2,3
-57.3485127412169,33.0930191418538,2.9159014753761,2,3
-103.187049604996,67.7801803733454,6.45421684692543,2,3
-57.8427888645849,26.2137190378221,-0.636425288375032,2,3
4.22588585948755,-42.7318978629547,-5.29821706798516,2,3
36.6215300636107,-77.4461315964873,-5.85191730437778,2,3
-30.1155464990476,6.73750622733955,-0.414250171755998,2,3
-247.500100387787,217.270525847004,10.4857798066075,2,3
3.74478289968724,-37.7262641933213,19.9245945808469,3,3
-24.7422213404324,-25.8062627639352,-6.97992675828626,3,3
1.3806720400927,-17.6796567255873,16.7220844402985,3,3
-11.532703037493,-15.2932071333807,-20.370981290086,3,3
-20.3658998648903,-15.6876591850785,-0.586575021169522,3,3
-19.4862151796121,-22.2250789044163,-15.1850090751993,3,3
-4.98474887728635,-17.3980600826736,-5.42514080739221,3,3
-28.2482498489264,3.00071753661527,3.60230542876572,3,3
-73.2427120682199,21.9943104065662,-14.6364272111168,3,3
-50.2108988981585,26.6364144870964,14.0973399534954,3,3
-41.2782489716313,9.88424541204042,-10.660263227505,3,3
-10.0463436005781,-23.4098642117629,-5.29990267176606,3,3
-0.850898977759499,-36.4650976970565,10.72406192823,3,3
-31.3054854496764,-6.05683805824424,-18.6819447543427,3,3
-41.4138938591539,26.8204065436172,-1.95189705704618,3,3
-68.6769389720562,38.7211613587276,-18.145982334743,3,3
-58.2884967488254,32.0047999930478,1.56431528847358,3,3
-41.2259078057207,4.55511459151882,-18.4055518251315,3,3
-18.6420768330809,-14.860061162182,6.46444746098141,3,3
-22.8814417954339,-15.446267231402,-18.1806632355335,3,3
-41.0539565430217,7.33098062156865,-12.4548303876525,4,3
-27.5278599500813,3.65688239547003,5.73393876486321,4,3
-28.370212478983,-5.07876328381888,2.34357721759068,4,3
-13.2493086345465,-8.18287730069579,1.66204608440044,4,3
-15.9925512982342,-5.81791914348463,3.63954914727728,4,3
-32.8256985344349,-0.642104027613922,-4.08918763112407,4,3
-41.5420400412321,5.1157089429201,6.64521387757924,4,3
-26.0640977022389,2.6415493568111,1.36990535213143,4,3
-39.4033489663078,-4.20856421574543,7.06556419170738,4,3
-4.38269698213612,-12.8693636771837,-8.09338113332738,4,3
-5.41595739196965,-25.4193996786765,8.08621456659279,4,3
2.59269423001253,-32.9626109209116,-4.74780361323654,4,3
9.90238261689362,-32.204251105213,-2.1043296078322,4,3
-6.57963586847703,-27.4268564950717,6.77904973336522,4,3
-17.331642792317,-18.0330261110569,-3.04781557811712,4,3
-10.7040184327631,-7.85047240509261,7.70229985355702,4,3
-20.6596834794896,-7.44220290295688,12.2260092485188,4,3
-10.7766281408568,-9.02234113119318,-3.5171153331529,4,3
-15.5069699710121,-4.73007559874557,9.72929111340388,4,3
-31.3884543926805,1.154967588711,-15.8795966072768,4,3
-6.84184071407948,-22.3295806740402,-1.08851948890258,5,3
-56.8669703059706,24.9886740004423,6.83982796320293,5,3
-83.3166622429584,47.8491266003947,9.1051938048454,5,3
-79.4979340712582,48.8967242096945,-3.95715825915502,5,3
-61.811736203145,29.0849588231118,-78.726649973981,5,3
-18.7602404539946,-11.7703653509187,-5.76909964998312,5,3
9.26016146032068,-39.6646629790354,-6.37333710518167,5,3
15.4864240333099,-39.6592763252887,-5.10288967331589,5,3
5.06425758955213,-34.6859270155741,-5.83211763505857,5,3
12.9653987451188,-41.0839151378022,-0.253234627716022,5,3
11.3002524619106,-43.2756228729959,-5.23545141704431,5,3
21.4922995571321,-39.114547384755,9.75510812037418,5,3
8.20174230267911,-47.3429154641205,7.97127376584355,5,3
29.887795588578,-55.5306800679948,-3.05252659958954,5,3
13.744198176725,-48.9086838793804,123.23168829985,5,3
16.0358578457456,-53.2601594773033,10.5202247570761,5,3
52.4134632784971,-72.9713384774688,7.05305489117039,5,3
41.100588756623,-66.0936136235887,-3.60995786330541,5,3
5.64173241763591,-30.575408957649,8.59596736643502,5,3
-19.3010713075635,-11.3744242504275,-8.15968056678105,5,3
-13.4046125484666,-5.84066167737524,-1.56511058342068,6,3
-17.7347796916724,-7.38165792669668,-4.80853034263254,6,3
-24.7194418157224,-4.37781753211775,-3.44414583805821,6,3
-18.901284235731,-1.75890744666384,-6.30476928250474,6,3
-28.244959268196,0.625694658595367,-6.59712208395491,6,3
-26.3334194657918,4.70401750806888,-4.95331224450892,6,3
-31.4693654052709,3.98891333180859,0.505803340820973,6,3
-29.9452486250146,-3.4216698129173,-4.32241998452081,6,3
-22.1458828645302,-10.8380131988955,-0.297680901882293,6,3
-11.0684874416437,-16.0761470277753,-4.76453188961073,6,3
-20.817565369476,-17.3447690953144,-7.58696734109458,6,3
-14.6879311524422,-13.4829724458803,-2.03536065407886,6,3
-30.2158456134198,-7.91572960421916,-4.00033467260478,6,3
-19.3690437905256,-5.1455214734452,2.93036279661109,6,3
-24.5809214568864,-4.53005939343764,-4.76193682141372,6,3
-27.4350343889882,-4.19703752815748,-2.0812302046798,6,3
-28.2663462405795,-6.04283390345374,9.05793757989657,6,3
-16.2864929318546,-10.419411073031,-0.162024679799583,6,3
-24.5464831288866,-14.3725467605053,-1.30963762131788,6,3
-8.60029410236715,-14.5016158732464,6.51772583617361,6,3
-12.6208023279581,-8.04888376201462,2.02103560839875,7,3
-16.8100791867252,-10.1652561668756,-13.6348048611704,7,3
-19.4146980146387,-15.1603787095458,-12.8748207013722,7,3
-16.583990136596,-20.6276215801254,-2.55317364225357,7,3
-12.2487881555489,-21.3439887048452,-20.7808439922708,7,3
-17.2176106777596,-18.0843962140642,-5.0929163322965,7,3
-21.7819132706567,-14.0164517699291,-21.2136347251223,7,3
-20.3048899578664,-10.1322014922649,-3.85966329361819,7,3
-21.1155239989479,-8.79105308669507,-10.5925888903041,7,3
-15.2329073146354,-10.0106046413669,-17.7393334963885,7,3
-25.9072363999578,-12.6125919494276,-6.35610909385876,7,3
-20.3451108439843,-16.3635859071575,-22.5849731270895,7,3
-4.51723777593908,-16.9196484229432,-4.02587282164549,7,3
-15.0412505158255,-12.6635871533283,-27.4845165115327,7,3
-0.988723757422438,-9.20661940055708,-2.75207886394877,7,3
-5.75228505651322,-10.012571685033,-17.8488277739567,7,3
-13.5116853711108,-13.2773676459871,-15.9682495317836,7,3
0.303195496608758,-16.8565621248066,-11.777393401927,7,3
-23.4323714951267,-15.9662835138945,-23.8780135728115,7,3
-18.5772029566975,-7.17399656709907,-3.3885863057317,7,3
-28.692166645984,-9.49962571795387,13.1626005385772,8,3
-15.4994433705661,-12.0075421548,-2.71796570229851,8,3
-30.562104901208,-12.8893403218869,-3.25058312966575,8,3
-13.4912575357441,-12.2264637220377,4.5870503560492,8,3
-21.6951646497414,-10.1426857538045,0.0947416393907572,8,3
-29.7042378478252,-7.06503063879057,2.3921452054445,8,3
-31.1093440001961,-7.03035253594463,-4.60564090801696,8,3
-29.4573359468207,-10.4620906982322,-12.4386575815289,8,3
-22.7893424616555,-13.7259116621243,-6.10402739351314,8,3
-15.9523337794646,-17.1196626292724,-10.0224926945593,8,3
-19.3477931584536,-16.8095743518425,-9.36258703305622,8,3
-21.8387578235271,-12.5717621188297,3.01488977864481,8,3
-19.6109428652404,-8.63067338019454,-3.34728168965077,8,3
-25.3357956196885,-7.07545295319774,-10.6152298774165,8,3
-22.2219412034096,-8.11087699129928,1.38422755819465,8,3
-14.1517597659458,-13.1005980502302,-4.31772992894122,8,3
-25.2181804121106,-16.7953817592045,-4.52518361755841,8,3
-5.39244711038585,-14.0257869820571,-5.82863373579528,8,3
-31.2094482601563,-9.00131897873535,-3.11064725954957,8,3
-19.0526727675629,-6.17352421496822,4.43259521251221,8,3
-40.1427583388377,15.1873616323818,-9.8182469448558,9,3
-62.4582035551011,39.9528038102777,-4.68454749180822,9,3
-91.9295891432288,55.4092078999371,-10.8270873260306,9,3
-77.7034790813026,50.7139841343036,3.9558336320262,9,3
-60.7369492037445,33.6094661379288,-1.43796085570769,9,3
-48.8272208922029,14.1006424791584,-21.634097473303,9,3
-29.7404670336054,1.8545919524679,-18.6620838199709,9,3
-43.8455294110926,15.8616081695277,-6.47482552185619,9,3
-75.6919175422181,51.2228304458647,-5.83431081273753,9,3
-107.702493870632,77.83318498118,-20.9848878401118,9,3
-112.511981500334,82.3159460886359,-22.0183674618722,9,3
-83.6934090465779,62.6124604739598,2.32845016041142,9,3
-44.8565165255955,24.2704416466674,-5.95346119754322,9,3
-23.2284234392947,-4.84857133163363,-25.1911045944844,9,3
-20.724979769465,-9.33141734523844,-1.19092453654369,9,3
-14.6024966796534,-10.9945767979436,-17.8961868390933,9,3
1.44582204553825,-17.9364780136754,-15.2526917980322,9,3
-11.127802064155,-22.06833567971,-0.924711439352777,9,3
-11.7392946826302,-19.3216821027899,-5.17119697055147,9,3
-20.7795468636185,-4.27149405105128,-17.0938640684352,9,3
12.3068789604913,-21.194248978157,0.586154812086148,10,3
-7.18793385187695,-14.2573687790453,-4.05051834161093,10,3
-26.5885391849535,-5.20825429285026,-8.73969282716552,10,3
-19.874694049262,-0.782292469074785,-19.9890297784473,10,3
-23.8966282715087,4.04138343722743,-7.78982462444542,10,3
-24.1114113728437,7.86481224192626,-11.2258307279431,10,3
-15.2469973922867,4.19945118008174,-2.66908548979744,10,3
-21.4616307602176,-3.11341498047831,-6.80312210181548,10,3
-28.289510644146,-8.34664725685234,-5.70046624154719,10,3
-4.46236102807454,-8.3491652767387,-12.7746913508608,10,3
-4.30781872389323,-0.649727370250428,-7.41121871355454,10,3
-3.31844661171141,-6.81323732181923,-10.1802164874494,10,3
5.71323064559357,-38.0921727730615,-14.176294178432,10,3
31.2784260635819,-65.8499551473802,-13.3747085325283,10,3
40.3249096206896,-69.0263925179939,-8.03524793682782,10,3
54.9534687171493,-52.2240874332595,-3.11742203383429,10,3
9.36542990605802,-11.7629250744903,-10.1072457517271,10,3
-54.5899159585411,39.02494814131,-6.62790624683648,10,3
-66.0499232059038,58.5560389310822,-11.7907658180244,10,3
-57.5662806035423,48.1540377201595,1.5242371242129,10,3
8.95275740947736,-38.5632402500565,3.64147306380457,11,3
7.56939558294685,-35.1619359231218,9.33255467102856,11,3
-3.48899626692319,-28.1601654172493,7.98890532563854,11,3
3.60536184246887,-23.554842598156,4.64138713418756,11,3
-13.9293272200839,-20.584936360117,5.30944660748606,11,3
-5.4384792795872,-17.7379261021876,1.78313360950735,11,3
-6.37595842569377,-21.2207760784447,2.88847446933188,11,3
-5.19554704374386,-28.0522150376481,8.98382788050087,11,3
1.97362509235919,-33.1709456160258,7.4666382672843,11,3
10.2598254381781,-34.0637747929881,5.45234138503369,11,3
2.26425974054514,-29.4792247278407,9.41353214899017,11,3
4.5669033926482,-28.3765942572555,1.7417318957705,11,3
12.5911983756865,-32.4412079137404,7.3312787059357,11,3
3.17019274784704,-38.3642247572437,2.48710117234267,11,3
12.4501337239849,-43.3021105725685,7.03342311818331,11,3
15.0468330308851,-40.5231984580728,5.71954045124976,11,3
-7.53620818974709,-31.6658274227056,2.53317689482166,11,3
-12.1186152031106,-21.3148039510064,10.081407866335,11,3
-27.0638985224518,-9.36230486818006,2.98463759989119,11,3
-20.917091392518,3.08684145211616,12.6075387128021,11,3
-4.81199786300133,-19.7243307141596,10.82638626877,12,3
-8.07852157624783,-13.5307937737103,-3.33539791796036,12,3
-16.5983233093477,-26.2549447800011,-4.35725788526301,12,3
-4.71676437193811,-17.102863094754,4.86910595265653,12,3
-42.7679600563214,4.97707485584278,-5.06741078834554,12,3
-22.3478594712642,2.35092336618936,0.348549397178035,12,3
-6.78301214681666,-20.8854542576903,-6.42289528340449,12,3
4.1788493923939,-31.6471792864745,0.516238905166839,12,3
4.81857467568234,-39.1198293653373,-4.35852729269023,12,3
7.91918015028105,-34.9802953802492,-7.79017461905585,12,3
-27.1194765727276,-5.35133903584105,0.846185618490252,12,3
-41.3588804706065,5.75707426014987,-6.72422672180809,12,3
-22.3014823422562,-5.24585924410512,-3.46755684955101,12,3
-4.73634977447403,-19.4349406680102,-13.496039554712,12,3
3.97673388556138,-32.749398488278,3.92294193036556,12,3
22.3610560713596,-50.1368093378535,-8.00163990651702,12,3
25.948870713267,-57.9198159966834,-5.3367871406355,12,3
31.9047545814092,-54.9701672803734,-8.72120480206294,12,3
8.77283848776793,-44.4803031154137,1.07893653139543,12,3
-6.45208530215137,-16.2629320034456,-11.0131698601299,12,3
-14.8249403223884,-13.6982029296831,-13.4359420944446,13,3
-11.9861660503838,-13.4214371979633,7.62002119276601,13,3
-10.3039928663502,-15.6922067387495,-16.626995824826,13,3
-6.82248540982262,-15.3937714087673,4.00815106692714,13,3
-18.7144084216363,-12.9786417175189,-18.2195456439411,13,3
-20.1371563161046,-12.2843375166529,1.05106701629058,13,3
-13.8422731296404,-14.3334387201492,-19.8389544996975,13,3
-13.2176911498492,-18.0939263217576,-1.917462936115,13,3
-14.5190742095624,-20.7476944070412,-3.12846229416711,13,3
-6.95734048003167,-21.3914332847406,-19.649669595211,13,3
-5.72582181497957,-19.9221984218163,-23.3107764934998,13,3
-15.678474647148,-17.307013144482,1.97865715790387,13,3
-20.377427991402,-14.6719269861963,6.25722239458189,13,3
-9.10070846659886,-13.9160150022908,-16.108981722173,13,3
-21.5743518818788,-13.3058527990717,6.48784226093172,13,3
-15.1887519455149,-12.3920826699543,-17.1992139994785,13,3
-9.16777903373341,-15.3160203393605,3.76177235752612,13,3
-12.9590208095628,-19.0813457993283,-19.0987073384853,13,3
-14.3772109909717,-17.8160349076177,3.33625844617417,13,3
-12.8895281412173,-11.2182920106798,-19.5922072375411,13,3
-10.3530216451232,1.98778783422671,-7.95142294933226,14,3
-45.6781577301572,5.14640788494802,-0.503022013953089,14,3
-49.2086299535075,2.28124783524509,-8.29611243113829,14,3
-17.2574218213839,-2.84984260792823,-15.1305657829222,14,3
-37.2442932400681,-4.78293137126979,-15.5987871689887,14,3
-33.5610995751947,-6.56623975191751,-21.4989408019977,14,3
-41.2874469414725,-5.01073386854604,-10.1652265231483,14,3
-29.8967748110414,4.1417113458709,-7.24447207443858,14,3
-50.1796143097822,12.4715767163793,-6.87098464635172,14,3
-52.5534746678996,11.3380237667085,-4.10609425058899,14,3
-19.8075647791012,6.08810837542374,-10.286278671271,14,3
-29.0055733711839,0.105268325178827,-10.9916119607382,14,3
-125.044211245065,-5.72958773374475,-11.8941672394877,14,3
-32.7712777867414,-6.76510835205811,-10.9734540735759,14,3
-34.1990470469495,-3.4336475510649,-7.72799562205745,14,3
-38.6786787416219,-2.4437085023434,-18.3084432756598,14,3
-20.4014430284325,-5.2960605671843,-1.33023662893215,14,3
-41.5839442214415,-3.59538949732295,-3.31929530098787,14,3
-50.335922450411,2.44830780543963,-6.31247982644283,14,3
-32.1887362414394,5.8114569523735,-6.99434726307255,14,3
-41.8239501225873,44.2590332559108,-17.8723941970268,15,3
-27.6696101106031,15.8202624857156,-9.67422085398208,15,3
4.79083709643574,-14.291458921859,-9.56018246687766,15,3
-30.7057480331314,-20.3156122477766,-29.5218910526841,15,3
19.831169791831,-16.4988802729543,-11.4415537606688,15,3
1.90658097318611,-11.9723622905731,1.66465889222472,15,3
1.62040976442865,-2.7008116111499,-11.0786694080109,15,3
-10.441939852789,0.647046330288243,-2.80374495248545,15,3
-24.170973181408,1.97167938826503,-13.0458526926594,15,3
-17.1954915711682,6.18331255170762,4.983624460251,15,3
-9.83579147181106,8.79839651324632,-28.2159476708293,15,3
-19.4403181845129,9.58836350582416,-18.2653371173408,15,3
-22.4970661185101,5.70619756082497,-11.1481769081475,15,3
-13.0286148941633,-5.27940716133367,6.26116920787386,15,3
13.2110635563107,-18.9152556102519,1.87625015867867,15,3
21.1950987676659,-28.3863669813448,-12.3628860492602,15,3
-16.2541460579284,-29.3113444464338,-3.75219607411924,15,3
4.40014779176331,-21.604587883903,-13.4076692107082,15,3
-10.839385637252,-15.269415417938,-12.2041914679943,15,3
-10.0837950941484,-18.2373359395227,3.05950924563313,15,3
-9.41062070645146,7.85594591541962,-6.29854828662917,16,3
-22.9729068380887,7.73743120274152,-2.01583255699206,16,3
-23.7197429208444,9.13077673195275,-8.29630155814534,16,3
-6.46431057577027,12.8578352926273,-13.4396809395643,16,3
-27.5329125711146,12.7471736928501,-7.19883461948206,16,3
-6.08024826430619,11.6425620551053,-7.3257068585272,16,3
-22.8698310369879,11.4592409021348,-8.68381300050521,16,3
1.58333187533817,7.0693955036976,0.725448796391687,16,3
-18.545708296627,2.91225672924293,-13.2404385053718,16,3
0.568802840986389,2.46389095541768,-3.02090445586567,16,3
-14.520096091932,3.55036758380965,-14.452061445632,16,3
-1.02436002581238,5.1268175796971,-4.87299060106224,16,3
-7.31808314779736,6.6696706046704,-11.5468759553041,16,3
-24.697939131745,7.75069380226772,-14.6880509141432,16,3
-2.73217518237012,9.72060906823707,-5.31997343434155,16,3
-28.3614680665849,12.554588828231,-21.5942366743313,16,3
-30.9138521767718,12.3045740594232,-15.5481933067968,16,3
-4.40214138721426,10.2701356926545,8.1252711924088,16,3
-4.6669649585268,9.97127886437437,-17.4604172241617,16,3
-34.2977563562312,12.2909266131315,5.84203350980978,16,3
-48.4952268235547,26.2309488574699,-4.29764583508016,17,3
-71.9325190284124,23.7004055530584,17.3743433532939,17,3
-28.827719335051,8.28067706880559,-6.10423929954572,17,3
-13.5786765204398,-8.4364467308817,15.005065639264,17,3
-13.8041303472212,-13.4012345269089,-2.34303436853781,17,3
-10.4487108928109,-8.8702011125799,14.3701214378666,17,3
-37.5624277515504,-0.233753667888327,17.3229831200792,17,3
-29.1318401427423,7.64035306674966,-2.44688946704397,17,3
-167.332574789119,14.8777393220333,21.7338022242608,17,3
-51.6333302180811,21.8217633654424,-5.56860200818285,17,3
-51.8366494938099,22.3006028117767,-6.34270174133888,17,3
-49.0160204644101,11.9204072620203,12.0364470525628,17,3
-22.7405235378665,-2.62248062976532,-7.23995065874319,17,3
-18.4697316223769,-12.9575211961765,11.1165067201267,17,3
-2.2822457685417,-18.2765593137103,9.04474319827064,17,3
-32.3107688234452,-16.3065200872153,1.55613957203907,17,3
-9.28664406640313,-15.0418087269797,-5.28722195087897,17,3
-44.9195517908974,-8.69645077649947,17.2401140050722,17,3
-31.619083590008,2.13783567295989,-0.280711239952481,17,3
-40.1452106784771,5.34500188296183,10.7082545419881,17,3
4.37371190670769,-29.4695660234812,-0.626351276615043,18,3
11.3014925350774,-34.1413218950134,13.5890777182872,18,3
2.61065085403047,-35.1230579307685,5.05883002741357,18,3
5.86410034108385,-32.6379614891763,3.44385374363586,18,3
7.53011380263046,-29.6368406522943,0.847569198542272,18,3
-5.42391402533569,-28.8480079155347,-3.98077488236608,18,3
-4.55457674390705,-32.5734517796894,-1.77355642595238,18,3
6.4516815051147,-27.1255358127147,-12.5780353730268,18,3
-24.0780132120192,-7.2973893398607,-0.713817171398394,18,3
-22.7590315357117,2.49701082599037,-3.04501433508909,18,3
-37.9798983148676,7.27290171251577,-14.213742025783,18,3
-40.0104029565531,17.4199480527501,-1.41679508010915,18,3
-56.6846027176431,18.0947331118976,-0.330030636890426,18,3
-45.9736091834552,11.5970911440844,1.1402746568463,18,3
-45.8116051694994,16.0314703620697,0.533166633570441,18,3
-49.7771607741356,19.6595154226459,1.23797938927796,18,3
-40.8628894777508,16.1823387406195,-1.48946574031827,18,3
-53.7713307854764,27.454196737381,2.75898389398602,18,3
-75.2345168013386,35.9787426196239,1.68121881900614,18,3
-50.1110711327958,27.5430135836594,-8.28063925214386,18,3
-25.5792205642892,23.5683555469349,-5.39553257192588,19,3
-65.065154258206,27.0186203079597,-7.36989557221203,19,3
-27.9685846357162,21.6782287915593,-13.1773845400497,19,3
-38.4790665069094,10.0216979418539,-6.7376992209479,19,3
-13.781614353705,0.755313468418152,-1.94841255404289,19,3
-28.2896308014971,2.62370370259735,-8.76429278920773,19,3
-26.5417638982695,16.0449569482712,12.4813772380287,19,3
-52.3927200986957,25.0641042419657,-1.14611023404914,19,3
-25.0786204474451,21.5536227940541,7.70386171679522,19,3
-22.6987712108599,12.8780216327695,-4.06407334658946,19,3
-11.916620009481,2.37121199252901,2.70659195379878,19,3
2.22284786437898,-0.767827715759452,8.77164970661584,19,3
-9.39157048851541,0.0418640937073613,1.83354549256908,19,3
17.2361198765236,-3.86789349077579,-0.897634919287139,19,3
-7.05403677909771,0.744151573728417,-7.48584224902922,19,3
-8.80142225051615,12.1145880921486,-2.75246795183105,19,3
-18.0648066250788,18.2868715577133,-4.00246235198126,19,3
-22.7168912216093,12.9473297839385,-9.19675370211947,19,3
-19.0759478679892,-6.38025865904464,-3.2205279262511,19,3
2.91377052533183,-35.0875700644149,-2.95327671820744,19,3
48.8566494715694,-51.408391669597,-3.31815270057949,20,3
17.0314526285245,-51.4368308508279,-6.99596185828232,20,3
10.6714272766215,-33.0287808114513,-5.39452871981343,20,3
-21.5598075710286,-9.33820469826453,-0.263134135029526,20,3
-34.2598652009533,-2.06794581892112,-11.1135807284457,20,3
-21.1749443059928,-15.1318600765388,1.33267960213518,20,3
-2.98274293079682,-39.7252903941584,-6.01961899956937,20,3
25.3439323728955,-61.2911252905085,-1.53900167693829,20,3
32.2884068161418,-70.5992382007265,0.30511269123462,20,3
36.0427031067275,-64.8327930278231,-5.49997238774838,20,3
11.8882769038728,-41.4983894731922,-1.77954878813267,20,3
-17.0581555299374,-20.1971363999136,-10.2403184238252,20,3
-27.3686215990736,-5.99183553008088,-12.1534411854975,20,3
-30.0047064326423,4.43060342422919,-13.0282868111276,20,3
-12.1038438618721,2.29143038651309,-6.48296818168814,20,3
-16.2890409652869,-8.52427743873747,-12.0169429219491,20,3
-15.7540434544647,-9.04273097271268,-1.50614994740194,20,3
-29.0785769489615,-3.25133699260859,-7.80914297194313,20,3
-44.8142562872057,6.11923699799395,-5.58924612117151,20,3
-61.8653301988932,27.1564293804534,2.99450028208964,20,3
